{
  "merchandising_strategy": {
    "category_strategy": {
      "top_revenue_categories": {
        "Beverages": 2363500.05,
        "Staples & Grains": 1274237.93,
        "Fresh Produce": 1182052.6,
        "Cooking Essentials": 1090045.65,
        "Dairy Products": 898861.72
      },
      "lowest_margin_categories": {
        "Beverages": -5.018703497397467,
        "Bakery": -5.011093908614501,
        "Staples & Grains": -5.011003251282334,
        "Personal Care": -5.0062891367788644,
        "Snacks & Confectionery": -5.003497061425993
      },
      "slowest_turnover_categories": {
        "Fresh Produce": 2.1,
        "Frozen Foods": 3.1999999999999997,
        "Cooking Essentials": 3.8,
        "Bakery": 4.0,
        "Dairy Products": 4.0
      }
    },
    "brand_strategy": {
      "top_revenue_brands": {
        "Fortune": 1359330.84,
        "Tata Tea": 1303690.89,
        "Amul": 927609.13,
        "Local Farm": 749678.34,
        "Surf Excel": 490100.74,
        "Britannia": 454736.57,
        "Dettol": 335961.69,
        "Lays": 267363.76,
        "Organic Valley": 216447.99,
        "Fresh Direct": 215926.27
      },
      "lowest_margin_brands": {
        "Colgate": -5.103553869172181,
        "Dove": -5.097051867707008,
        "Coca-Cola": -5.075331807843448,
        "Real": -5.0607340569110635,
        "Nestle": -5.059941937871888,
        "Haldiram": -5.052857106253433,
        "Tata Sampann": -5.049573793796899,
        "Vadilal": -5.049374171777813,
        "Nescafe": -5.0467669726752575,
        "Ambipur": -5.043237494475497
      }
    },
    "price_strategy": {
      "most_elastic_categories": {
        "Fresh Produce": -1.5249543630352564,
        "Beverages": -1.5244600424502002,
        "Staples & Grains": -1.5208355213563391,
        "Household Items": -1.5205333378910517,
        "Snacks & Confectionery": -1.520311945766426
      },
      "most_sensitive_categories": {
        "Frozen Foods": 60.185698711215565,
        "Household Items": 60.06194980041138,
        "Dairy Products": 60.04021242848281,
        "Fresh Produce": 60.01868878941873,
        "Snacks & Confectionery": 59.98984217239914
      }
    },
    "promotional_strategy": {
      "highest_lift_categories": {
        "Staples & Grains": 15.234894261762502,
        "Dairy Products": 15.22869659542781,
        "Cooking Essentials": 15.226953590252547,
        "Snacks & Confectionery": 15.209917119824198,
        "Beverages": 15.203762176211155
      },
      "most_effective_categories": {
        "Cooking Essentials": 59.8866192359177,
        "Frozen Foods": 59.88512793323908,
        "Staples & Grains": 59.882820919869935,
        "Personal Care": 59.86109069582034,
        "Household Items": 59.85239141745872
      }
    },
    "space_strategy": {
      "highest_density_categories": {
        "Bakery": 900.5531476187127,
        "Dairy Products": 900.5098352796108,
        "Snacks & Confectionery": 900.3930183091568,
        "Staples & Grains": 900.3414302486825,
        "Fresh Produce": 900.2115627836641
      },
      "highest_allocation_categories": {
        "Beverages": 15.026017431017834,
        "Bakery": 15.017574100546454,
        "Fresh Produce": 15.013765231299514,
        "Personal Care": 15.01303819634483,
        "Snacks & Confectionery": 15.008140155276976
      }
    },
    "customer_strategy": {
      "customer_value_by_type": {
        "Regular": 4395659.01,
        "Premium": 3164036.58,
        "Occasional": 1719367.69,
        "New": 585270.77
      },
      "customer_basket_by_type": {
        "Premium": 27.195709672429498,
        "Regular": 16.040175955245417,
        "New": 10.47096153218702,
        "Occasional": 7.624332936054289
      }
    }
  },
  "operational_health": {
    "inventory_management": {
      "slowest_turnover_categories": {
        "Fresh Produce": 2.1,
        "Frozen Foods": 3.1999999999999997,
        "Cooking Essentials": 3.8,
        "Bakery": 4.0,
        "Dairy Products": 4.0
      },
      "highest_stockout_risk": {
        "Beverages": 28.630091866171554,
        "Snacks & Confectionery": 28.6189552196017,
        "Household Items": 28.617455653298688,
        "Staples & Grains": 28.603927139170253,
        "Frozen Foods": 28.573224468701667
      },
      "highest_safety_stock": {
        "Bakery": 1.8888907858569648,
        "Frozen Foods": 1.6490495900751434,
        "Cooking Essentials": 1.6371431932758462,
        "Beverages": 1.63456216602538,
        "Snacks & Confectionery": 1.634110254890338
      }
    },
    "forecast_accuracy": {
      "lowest_accuracy_categories": {
        "Dairy Products": 77.20545260529664,
        "Snacks & Confectionery": 77.20090709789312,
        "Beverages": 77.19112495266589,
        "Frozen Foods": 77.19105481948363,
        "Household Items": 77.16403969366131
      },
      "highest_volatility_categories": {
        "Personal Care": 0.30570008525407727,
        "Snacks & Confectionery": 0.305158396063911,
        "Frozen Foods": 0.30504925052146753,
        "Beverages": 0.3049217713590179,
        "Dairy Products": 0.30488910824833176
      }
    },
    "supplier_performance": {
      "top_performing_suppliers": {
        "SUP_000140": 71.70983881149994,
        "SUP_000450": 71.68863287347922,
        "SUP_000310": 71.67590101474525,
        "SUP_000060": 71.66945493302444,
        "SUP_000185": 71.65657502429006,
        "SUP_000370": 71.65024344059393,
        "SUP_000460": 71.6473684195028,
        "SUP_000405": 71.62652890575774,
        "SUP_000265": 71.60380583809967,
        "SUP_000315": 71.58815145404897
      },
      "most_reliable_deliveries": {
        "SUP_000185": 74.99185313008714,
        "SUP_000200": 74.93363064873874,
        "SUP_000145": 74.92423409845712,
        "SUP_000120": 74.8947078701628,
        "SUP_000095": 74.88793390953018,
        "SUP_000435": 74.88721630125158,
        "SUP_000450": 74.87947689942082,
        "SUP_000490": 74.86938174434673,
        "SUP_000270": 74.86579119567477,
        "SUP_000175": 74.85643515582998
      },
      "most_cost_efficient": {
        "SUP_000255": 69.87893131265928,
        "SUP_000390": 69.83557818252281,
        "SUP_000005": 69.82783145198131,
        "SUP_000185": 69.82750558026706,
        "SUP_000050": 69.81979031152187,
        "SUP_000140": 69.8110913839175,
        "SUP_000015": 69.79478256685867,
        "SUP_000130": 69.77592600401191,
        "SUP_000160": 69.7739336669548,
        "SUP_000385": 69.75734502560377
      }
    },
    "lead_time_analysis": {
      "longest_lead_times": {
        "Household Items": 4.057463566346635,
        "Cooking Essentials": 4.053459462050275,
        "Dairy Products": 4.052538233577552,
        "Snacks & Confectionery": 4.0484694724362775,
        "Personal Care": 4.046744979375116
      }
    },
    "store_operations": {
      "store_type_performance": {
        "Supermarket": 900.0486454371891,
        "Express": 900.0280700012966,
        "Hypermarket": 899.9860350343254
      },
      "space_utilization_by_type": {
        "Hypermarket": 77.54289848321834,
        "Supermarket": 77.53951312466724,
        "Express": 77.53717526547325
      }
    }
  },
  "critical_challenges": {
    "merchandising_challenges": {
      "negative_margin_items": 496810,
      "high_elasticity_items": 253407,
      "ineffective_promotions": 910392,
      "underutilized_space": 555135,
      "low_performing_skus": 585652
    },
    "operational_challenges": {
      "low_turnover_items": 0,
      "high_stockout_risk": 20400,
      "poor_forecast_accuracy": 555279,
      "unreliable_suppliers": 512532,
      "long_lead_times": 93261
    },
    "total_transactions": 1869621
  }
}