{
  "category_strategy": {
    "top_revenue_categories": {
      "Beverages": 2363500.05,
      "Staples & Grains": 1274237.93,
      "Fresh Produce": 1182052.6,
      "Cooking Essentials": 1090045.65,
      "Dairy Products": 898861.72
    },
    "lowest_margin_categories": {
      "Beverages": -5.018703497397467,
      "Bakery": -5.011093908614501,
      "Staples & Grains": -5.011003251282334,
      "Personal Care": -5.0062891367788644,
      "Snacks & Confectionery": -5.003497061425993
    },
    "slowest_turnover_categories": {
      "Fresh Produce": 2.1,
      "Frozen Foods": 3.1999999999999997,
      "Cooking Essentials": 3.8,
      "Bakery": 4.0,
      "Dairy Products": 4.0
    }
  },
  "brand_strategy": {
    "top_revenue_brands": {
      "Fortune": 1359330.84,
      "Tata Tea": 1303690.89,
      "Amul": 927609.13,
      "Local Farm": 749678.34,
      "Surf Excel": 490100.74,
      "Britannia": 454736.57,
      "Dettol": 335961.69,
      "Lays": 267363.76,
      "Organic Valley": 216447.99,
      "Fresh Direct": 215926.27
    },
    "lowest_margin_brands": {
      "Colgate": -5.103553869172181,
      "Dove": -5.097051867707008,
      "Coca-Cola": -5.075331807843448,
      "Real": -5.0607340569110635,
      "Nestle": -5.059941937871888,
      "Haldiram": -5.052857106253433,
      "Tata Sampann": -5.049573793796899,
      "Vadilal": -5.049374171777813,
      "Nescafe": -5.0467669726752575,
      "Ambipur": -5.043237494475497
    }
  },
  "price_strategy": {
    "most_elastic_categories": {
      "Fresh Produce": -1.5249543630352564,
      "Beverages": -1.5244600424502002,
      "Staples & Grains": -1.5208355213563391,
      "Household Items": -1.5205333378910517,
      "Snacks & Confectionery": -1.520311945766426
    },
    "most_sensitive_categories": {
      "Frozen Foods": 60.185698711215565,
      "Household Items": 60.06194980041138,
      "Dairy Products": 60.04021242848281,
      "Fresh Produce": 60.01868878941873,
      "Snacks & Confectionery": 59.98984217239914
    }
  },
  "promotional_strategy": {
    "highest_lift_categories": {
      "Staples & Grains": 15.234894261762502,
      "Dairy Products": 15.22869659542781,
      "Cooking Essentials": 15.226953590252547,
      "Snacks & Confectionery": 15.209917119824198,
      "Beverages": 15.203762176211155
    },
    "most_effective_categories": {
      "Cooking Essentials": 59.8866192359177,
      "Frozen Foods": 59.88512793323908,
      "Staples & Grains": 59.882820919869935,
      "Personal Care": 59.86109069582034,
      "Household Items": 59.85239141745872
    }
  },
  "space_strategy": {
    "highest_density_categories": {
      "Bakery": 900.5531476187127,
      "Dairy Products": 900.5098352796108,
      "Snacks & Confectionery": 900.3930183091568,
      "Staples & Grains": 900.3414302486825,
      "Fresh Produce": 900.2115627836641
    },
    "highest_allocation_categories": {
      "Beverages": 15.026017431017834,
      "Bakery": 15.017574100546454,
      "Fresh Produce": 15.013765231299514,
      "Personal Care": 15.01303819634483,
      "Snacks & Confectionery": 15.008140155276976
    }
  },
  "customer_strategy": {
    "customer_value_by_type": {
      "Regular": 4395659.01,
      "Premium": 3164036.58,
      "Occasional": 1719367.69,
      "New": 585270.77
    },
    "customer_basket_by_type": {
      "Premium": 27.195709672429498,
      "Regular": 16.040175955245417,
      "New": 10.47096153218702,
      "Occasional": 7.624332936054289
    }
  },
  "critical_challenges": {
    "negative_margin_items": 496810,
    "high_elasticity_items": 253407,
    "ineffective_promotions": 910392,
    "underutilized_space": 555135,
    "low_performing_skus": 585652,
    "total_transactions": 1869621
  }
}